{
  "project_info": {
    "project_number": "237780767811",
    "project_id": "lock-1-d7c60",
    "storage_bucket": "lock-1-d7c60.appspot.com"
  },
  "client": [
    {
      "client_info": {
        "mobilesdk_app_id": "1:237780767811:android:4ebba58937fd646490b0f6",
        "android_client_info": {
          "package_name": "com.example.lock2"
        }
      },
      "oauth_client": [
        {
          "client_id": "237780767811-36dm4vt8o403tat9d5rebra0aibef680.apps.googleusercontent.com",
          "client_type": 3
        }
      ],
      "api_key": [
        {
          "current_key": "AIzaSyCJagTl-WqrU6E7yZdM8hQYGmLJlQlrLQM"
        }
      ],
      "services": {
        "appinvite_service": {
          "other_platform_oauth_client": [
            {
              "client_id": "237780767811-36dm4vt8o403tat9d5rebra0aibef680.apps.googleusercontent.com",
              "client_type": 3
            },
            {
              "client_id": "237780767811-aonpc1j21pnd0ejqs4c8h1nrk7g85fmb.apps.googleusercontent.com",
              "client_type": 2,
              "ios_info": {
                "bundle_id": "com.example.lock1"
              }
            }
          ]
        }
      }
    },
    {
      "client_info": {
        "mobilesdk_app_id": "1:237780767811:android:d73d7f588d98ef2e90b0f6",
        "android_client_info": {
          "package_name": "com.example.lock_1"
        }
      },
      "oauth_client": [
        {
          "client_id": "237780767811-dsaqboe2if8fqbinr8in9j5sde78p5ng.apps.googleusercontent.com",
          "client_type": 1,
          "android_info": {
            "package_name": "com.example.lock_1",
            "certificate_hash": "3d6be11b92004f4dc0b879952c33f9c0e1f761dd"
          }
        },
        {
          "client_id": "237780767811-36dm4vt8o403tat9d5rebra0aibef680.apps.googleusercontent.com",
          "client_type": 3
        }
      ],
      "api_key": [
        {
          "current_key": "AIzaSyCJagTl-WqrU6E7yZdM8hQYGmLJlQlrLQM"
        }
      ],
      "services": {
        "appinvite_service": {
          "other_platform_oauth_client": [
            {
              "client_id": "237780767811-36dm4vt8o403tat9d5rebra0aibef680.apps.googleusercontent.com",
              "client_type": 3
            },
            {
              "client_id": "237780767811-aonpc1j21pnd0ejqs4c8h1nrk7g85fmb.apps.googleusercontent.com",
              "client_type": 2,
              "ios_info": {
                "bundle_id": "com.example.lock1"
              }
            }
          ]
        }
      }
    }
  ],
  "configuration_version": "1"
}