{"flutter":{"platforms":{"android":{"default":{"projectId":"lock-1-d7c60","appId":"1:237780767811:android:4ebba58937fd646490b0f6","fileOutput":"android/app/google-services.json"}},"dart":{"lib/firebase_options.dart":{"projectId":"lock-1-d7c60","configurations":{"android":"1:237780767811:android:4ebba58937fd646490b0f6","ios":"1:237780767811:ios:a74d33d713b878b490b0f6","macos":"1:237780767811:ios:a74d33d713b878b490b0f6","web":"1:237780767811:web:6e8c419d0d864e2290b0f6","windows":"1:237780767811:web:aae602fdcae3737a90b0f6"}}}}}}